| question                                                        | answer                                                                                                                                              | category      | role    |
| --------------------------------------------------------------- | --------------------------------------------------------------------------------------------------------------------------------------------------- | ------------- | ------- |
| How can I register for a new course on CampusLearn?             | Navigate to your Dashboard → “Courses” → click “Enroll” under the desired module. Confirm your enrollment and check for tutor approval if required. | Student Help  | Student |
| How do I book a tutoring session?                               | Go to “Tutors,” select the subject, pick an available slot, and click “Book.” A confirmation message will appear on your dashboard.                 | Student Help  | Student |
| How do I join or leave a study group?                           | Open the “Groups” tab, choose the group you want to join or leave, and click the appropriate button. You can rejoin later if space is available.    | Student Help  | Student |
| Where can I find uploaded notes or learning resources?          | Visit “Resources” under each subject’s page. Tutors regularly upload lecture notes, code examples, and practice materials.                          | Student Help  | Student |
| How do I submit my assignment?                                  | Open the course → click “Assignments” → select your file → click “Submit.” Wait for the upload success message.                                     | Student Help  | Student |
| How can I check my grades?                                      | Go to your profile → click “Grades.” You can filter by course or date.                                                                              | Student Help  | Student |
| What should I do if my tutor cancels a session?                 | You’ll receive a notification. Use “Rebook Session” under the same subject to choose a new date.                                                    | Student Help  | Student |
| How can I report a technical issue?                             | Go to “Support” → “Technical Issues.” Provide a short description; CampusLearn will notify the IT support team.                                     | Student Help  | Student |
| How do I reset my password?                                     | On the login screen, click “Forgot password?” → enter your student email → follow the reset link.                                                   | Platform Help | Student |
| Can I message my tutor directly?                                | Yes, click on the tutor’s profile → “Message Tutor.” Keep communication academic and professional.                                                  | Student Help  | Student |
| How can I change my notification settings?                      | Go to “Settings” → “Notifications.” Toggle which alerts you want for emails, grades, and sessions.                                                  | Platform Help | Student |
| How do I request a new subject to be added?                     | Use the “Feedback” form in your Dashboard → choose category “New Subject Request.”                                                                  | Student Help  | Student |
| How can I become a tutor?                                       | Apply under “Tutor Applications.” You’ll need to be in good academic standing and complete a short interview.                                       | Student Help  | Student |
| How can I delete my CampusLearn account?                        | Only administrators can delete accounts. Contact the Admin via “Support → Account Requests.”                                                        | Platform Help | Student |
| How can I manage my tutoring schedule?                          | Go to “My Sessions.” You can edit availability, cancel, or reschedule.                                                                              | Tutor Help    | Tutor   |
| How do I upload notes or materials for students?                | From your tutor dashboard, select a subject → “Upload Resources.” Choose file and click “Publish.”                                                  | Tutor Help    | Tutor   |
| How can I mark student attendance?                              | In the “Session Details” page, use the attendance toggle for each student after the session ends.                                                   | Tutor Help    | Tutor   |
| How can I view my tutoring feedback?                            | Open your profile → “Feedback & Ratings.” You’ll see summarized comments and scores from recent sessions.                                           | Tutor Help    | Tutor   |
| What should I do if a student is consistently absent?           | Report through “Session Issues” → select the student → choose “Repeated Absence.” Admins will follow up.                                            | Tutor Help    | Tutor   |
| How do I report misconduct or inappropriate behavior?           | Click “Report” on the chat or profile. Provide short details; Admins will handle it confidentially.                                                 | Tutor Help    | Tutor   |
| How can I update my available subjects?                         | Go to your tutor profile → “Subjects” → tick or untick available options. Save changes.                                                             | Tutor Help    | Tutor   |
| How do admins approve new tutors?                               | Go to “Admin Dashboard” → “Tutor Applications.” Review credentials and click “Approve” or “Reject.”                                                 | Admin Tool    | Admin   |
| How do admins manage course enrollment?                         | Open “Courses Management.” You can manually add or remove students if required.                                                                     | Admin Tool    | Admin   |
| How do admins generate performance reports?                     | From “Analytics” → choose report type (Attendance, Feedback, Usage) → export as CSV or PDF.                                                         | Admin Tool    | Admin   |
| How can admins manage platform announcements?                   | Click “Announcements” → “Create New.” Write the update and choose audience (All, Tutors, Students).                                                 | Admin Tool    | Admin   |
| How do admins handle support tickets?                           | Go to “Support Panel.” Sort by priority, assign to staff, and update ticket status once resolved.                                                   | Admin Tool    | Admin   |
| How do admins reset passwords for users?                        | In “User Management,” search the user → click “Reset Password.” A reset email will be sent automatically.                                           | Admin Tool    | Admin   |
| What if a student shares personal data in chat?                 | Remind them that CampusLearn chats are for academic use only. Report sensitive messages to Admin.                                                   | Safety        | Tutor   |
| Can the AI assistant give grades or mark assignments?           | No. The AI offers guidance only. Official grading is handled by lecturers and verified through campus systems.                                      | Safety        | All     |
| What if someone asks for another student’s information?         | Politely decline and explain that personal data cannot be shared under privacy rules.                                                               | Safety        | All     |
| Can I share my ID number or password with a tutor?              | No. Never share personal credentials or sensitive information on CampusLearn.                                                                       | Safety        | Student |
| What happens if a user asks for help cheating on an assignment? | Decline politely and remind them that academic integrity violations are not supported.                                                              | Safety        | All     |
| What if the AI is asked inappropriate or offensive questions?   | It should decline respectfully, explain the platform’s code of conduct, and refocus on academic topics.                                             | Safety        | All     |
| How should mental health emergencies be handled?                | Refer users immediately to Belgium Campus counselling or national hotlines. Do not attempt medical advice.                                          | Safety        | All     |
| How can I report harassment or discrimination?                  | Use “Report Misconduct” in the profile menu. Include screenshots if possible. Admins handle all reports confidentially.                             | Safety        | All     |
| What if someone uploads harmful or explicit material?           | Report it under “Content Violation.” Admins will remove it and take disciplinary action.                                                            | Safety        | All     |
| What if the AI gives outdated or incorrect info?                | Encourage users to double-check with official course material and report the issue for review.                                                      | Safety        | All     |
| How does CampusLearn protect student privacy?                   | All chats and uploads are encrypted, and no personal data is shared outside the system.                                                             | Safety        | All     |
| Can the AI diagnose health or psychological issues?             | No. It can only provide general study or stress management advice. For personal issues, contact a counsellor.                                       | Safety        | All     |
| How do I manage study time effectively?                         | Break study sessions into 45-minute blocks, take 10-minute breaks, and review topics daily.                                                         | Academic Tips | Student |
| How do I stay motivated during exams?                           | Set short goals, track progress, study in groups, and reward yourself for milestones.                                                               | Academic Tips | Student |
| What’s the best way to learn coding concepts?                   | Practice daily, read others’ code, and build small projects. Ask tutors for reviews.                                                                | Academic Tips | Student |
| How can I improve problem-solving in programming?               | Analyze the question, break it into smaller steps, write pseudocode, and test iteratively.                                                          | Academic Tips | Student |
| How do I manage large projects with a team?                     | Use version control (like Git), schedule regular check-ins, and divide tasks by expertise.                                                          | Academic Tips | Student |
| What should I do if I forget my password?                       | Click “Forgot Password?” on the login screen to reset it securely.                                                                                  | Platform Help | All     |
| How can I customize my dashboard?                               | Use “Settings → Dashboard Layout.” Drag widgets like Grades, Calendar, or Messages into preferred order.                                            | Platform Help | All     |
| How can I update my profile picture?                            | Go to “Profile” → click your avatar → “Upload new image.”                                                                                           | Platform Help | All     |
| How can I view upcoming deadlines?                              | Use the “Calendar” tab to see all deadlines, exams, and booked sessions.                                                                            | Platform Help | All     |
| What is Belgium Campus ITversity?                               | A South African higher-education institution specializing in Information Technology and Computer Science.                                           | General Info  | All     |
| What is CampusLearn?                                            | CampusLearn is a student–tutor e-learning platform created by Belgium Campus students to promote peer-assisted learning.                            | General Info  | All     |
| How can I contact campus support?                               | Email [support@belgiumcampus.ac.za](mailto:support@belgiumcampus.ac.za) or use “Support” → “Contact Campus” in your dashboard.                      | General Info  | All     |
| When are the main holidays?                                     | Belgium Campus typically closes mid-December to early January and on public holidays.                                                               | General Info  | All     |
| How do I access my student email?                               | Log in to Outlook with your campus credentials at outlook.office.com.                                                                               | General Info  | Student |
| What if my question is not answered here?                       | You can ask CampusLearn AI directly or contact support for specific help.                                                                           | General Info  | All     |
| How can I view all my booked tutoring sessions?                 | Go to “Dashboard” → “My Sessions.” You can see past and upcoming bookings with tutor details.                                                       | Student Help  | Student |
| Can I cancel a tutoring session I booked?                       | Yes. Open the session under “My Sessions,” click “Cancel,” and confirm at least 2 hours before the session.                                         | Student Help  | Student |
| How do I view session feedback from my tutor?                   | After a session, open “My Sessions” → select the session → “View Feedback.”                                                                         | Student Help  | Student |
| How can I contact IT support?                                   | Click the “Help” icon on the top-right corner and choose “Contact IT.” Fill in the form describing your issue.                                      | Platform Help | Student |
| What file types can I upload for assignments?                   | PDF, DOCX, ZIP, and image files are accepted. Ensure your upload is under 10 MB.                                                                    | Student Help  | Student |
| Why can’t I see my grades?                                      | Grades become visible once your lecturer releases them. If it’s been over a week, contact the course tutor.                                         | Student Help  | Student |
| How do I view announcements from lecturers?                     | On your Dashboard, click “Announcements.” Recent updates appear by course.                                                                          | Platform Help | Student |
| Can I access CampusLearn on mobile?                             | Yes, use your mobile browser or download the CampusLearn app from the Play Store or App Store.                                                      | Platform Help | Student |
| How do I switch between dark and light mode?                    | Go to “Settings → Display.” Toggle between dark and light themes as preferred.                                                                      | Platform Help | Student |
| What should I do if my assignment upload fails?                 | Refresh the page, check your internet connection, and re-upload. If it persists, contact support.                                                   | Platform Help | Student |
| How can I view who’s in my study group?                         | Inside the group page, click “Members.” You’ll see names and roles of all members.                                                                  | Student Help  | Student |
| Can I share study notes with classmates?                        | Yes, use “Groups → Resources → Upload.” Notes are visible only to group members.                                                                    | Student Help  | Student |
| How do I submit peer feedback?                                  | In “Group Projects,” click “Submit Peer Feedback.” Rate contributions respectfully and honestly.                                                    | Student Help  | Student |
| What if my internet disconnects during an exam?                 | Stay calm. Re-enter the exam link; CampusLearn saves progress every 30 seconds.                                                                     | Platform Help | Student |
| How can I request extra tutoring help?                          | Go to “Tutors” → “Request Help.” Describe the topic; the system will match you with an available tutor.                                             | Student Help  | Student |
| How do tutors view pending student requests?                    | Under “My Dashboard,” click “Requests.” You can accept, decline, or message the student.                                                            | Tutor Help    | Tutor   |
| How can tutors reschedule a session?                            | Open “My Sessions,” choose the session, and click “Reschedule.” Select a new date and notify the student.                                           | Tutor Help    | Tutor   |
| What should tutors do if a student doesn’t show up?             | Mark the student as “Absent” in attendance and leave a brief comment.                                                                               | Tutor Help    | Tutor   |
| How can tutors add notes for a completed session?               | Go to the session record → “Add Notes.” Notes are saved for admin review.                                                                           | Tutor Help    | Tutor   |
| How can tutors manage multiple campuses?                        | Filter sessions by “Campus” in the tutor dashboard. Each campus’s schedule is listed separately.                                                    | Tutor Help    | Tutor   |
| How can tutors share resource links instead of files?           | In “Upload Resources,” choose “Link.” Paste the URL to share Google Drive or GitHub resources.                                                      | Tutor Help    | Tutor   |
| What should tutors do before each session?                      | Review the topic outline, test your microphone, and verify internet stability.                                                                      | Tutor Help    | Tutor   |
| How can tutors handle late-joining students?                    | Allow them in if within 10 minutes; otherwise, mark them as absent and proceed.                                                                     | Tutor Help    | Tutor   |
| Can tutors record sessions?                                     | Yes, if permitted by the admin and all students consent. Recordings are stored securely.                                                            | Tutor Help    | Tutor   |
| How do admins back up platform data?                            | From “System → Backups,” click “Create Backup.” Files are stored on secure cloud storage.                                                           | Admin Tool    | Admin   |
| How do admins add new course subjects?                          | In “Course Management,” click “Add Subject,” fill details, and assign a coordinator.                                                                | Admin Tool    | Admin   |
| How do admins view user analytics?                              | Open “Analytics → User Activity.” Filter by time range or role.                                                                                     | Admin Tool    | Admin   |
| How can admins change user roles?                               | In “User Management,” select a profile → click “Edit Role.” Choose Student, Tutor, or Admin.                                                        | Admin Tool    | Admin   |
| How do admins customize the CampusLearn theme?                  | Under “Settings → Appearance,” choose preset colors or upload a logo.                                                                               | Admin Tool    | Admin   |
| How can admins export all feedback data?                        | Go to “Reports → Feedback Export.” Choose CSV or PDF.                                                                                               | Admin Tool    | Admin   |
| How can admins deactivate inactive users?                       | In “User Management,” sort by “Last Login > 90 days.” Click “Deactivate.”                                                                           | Admin Tool    | Admin   |
| How do admins set session limits?                               | Under “Settings → Tutoring Policy,” define max sessions per day per student.                                                                        | Admin Tool    | Admin   |
| How can admins audit recent changes?                            | Go to “System → Audit Logs.” Filter by user and date.                                                                                               | Admin Tool    | Admin   |
| How do admins enable 2-factor authentication?                   | Under “Security → Authentication,” toggle “2FA Required.” Users will scan a QR code on next login.                                                  | Admin Tool    | Admin   |
| What should AI do if asked for private grades?                  | Politely explain that grades are private and redirect to official portals.                                                                          | Safety        | All     |
| How should AI respond to offensive language?                    | Calmly decline the message, remind users of the code of conduct, and end the response politely.                                                     | Safety        | All     |
| What if a user threatens harm?                                  | Provide emergency contact info and alert campus security or counselling services immediately.                                                       | Safety        | All     |
| How should AI respond to spam or repeated messages?             | Limit responses, remind users of fair use, and suggest rephrasing their query.                                                                      | Safety        | All     |
| What if AI is asked political or religious questions?           | Give neutral, factual information and avoid opinions.                                                                                               | Safety        | All     |
| How should tutors respond to harassment?                        | Stop the session and report the incident under “Misconduct.”                                                                                        | Safety        | Tutor   |
| How can AI explain plagiarism rules?                            | Clarify that copying text or code without credit is plagiarism. Encourage rewriting or proper referencing.                                          | Safety        | Student |
| What if a student shares someone else’s private file?           | Do not open it. Report immediately to the Admin for policy violation.                                                                               | Safety        | Tutor   |
| How can AI handle medical-related questions?                    | Say it cannot give medical advice and refer the student to a professional.                                                                          | Safety        | All     |
| What if a user posts hate speech?                               | AI and tutors should immediately block and report the content through “Report → Hate Speech.”                                                       | Safety        | All     |
| How can I improve academic writing?                             | Plan essays, cite sources properly, and use formal tone. Proofread before submission.                                                               | Academic Tips | Student |
| What is peer-assisted learning?                                 | It’s when students learn from each other through tutoring and discussion groups.                                                                    | Academic Tips | Student |
| How can I prepare for online exams?                             | Check your internet, log in 10 minutes early, close unnecessary tabs, and stay calm.                                                                | Academic Tips | Student |
| What’s the best way to revise before tests?                     | Use past papers, summarize notes, and test yourself on key terms.                                                                                   | Academic Tips | Student |
| How can I improve presentation skills?                          | Practice aloud, keep slides simple, maintain eye contact, and time yourself.                                                                        | Academic Tips | Student |
| What’s a good daily study routine?                              | Morning review, mid-day focused session, evening recap. Keep breaks short.                                                                          | Academic Tips | Student |
| How can I manage stress during deadlines?                       | Prioritize tasks, sleep enough, talk to friends or counsellors if overwhelmed.                                                                      | Academic Tips | Student |
| How can I use AI ethically for learning?                        | Use it to explain concepts or generate examples, but never to submit full answers.                                                                  | Academic Tips | Student |
| How can I avoid procrastination?                                | Set mini-goals, remove distractions, and reward progress.                                                                                           | Academic Tips | Student |
| What’s the difference between summary and paraphrasing?         | Summarizing shortens ideas; paraphrasing rewrites in your own words. Both need citations.                                                           | Academic Tips | Student |
| What version control should teams use?                          | Git and GitHub are recommended for managing code collaboratively.                                                                                   | Academic Tips | Student |
| How can I keep group projects organized?                        | Use Trello or Git issues to assign tasks and track progress.                                                                                        | Academic Tips | Student |
| How do I cite sources in research?                              | Use Harvard or APA referencing. Include author, year, and title in citations.                                                                       | Academic Tips | Student |
| How can I debug JavaScript errors faster?                       | Read console messages carefully, isolate the bug, and use `console.log()` to trace logic.                                                           | Academic Tips | Student |
| How can I prepare for job interviews?                           | Review common technical questions, practice answers aloud, and research the company.                                                                | General Info  | Student |
| How can I access career services?                               | Visit “Campus Resources → Career Support.” Book an appointment with an advisor.                                                                     | General Info  | Student |
| Where can I find internship opportunities?                      | Check “Career Portal” inside CampusLearn for updated listings and deadlines.                                                                        | General Info  | Student |
| How do I join the alumni network?                               | After graduation, register at “Alumni Portal” using your student email.                                                                             | General Info  | Student |
| What are library operating hours?                               | Monday–Friday 8 AM–5 PM. Closed weekends and public holidays.                                                                                       | General Info  | All     |
| Are there cafeterias on campus?                                 | Yes, each campus has a cafeteria offering meals and snacks.                                                                                         | General Info  | All     |
| How do I get to Belgium Campus Kempton Park?                    | Use Gautrain Rhodesfield Station → bus B101 → walk 5 minutes to the main gate.                                                                      | General Info  | All     |
| What transport options are available for students?              | Public buses, taxis, and carpooling programs are available through the Student Union.                                                               | General Info  | Student |
| How do I use the library’s online resources?                    | Go to “Library → Online Databases.” Log in with your student credentials.                                                                           | General Info  | Student |
| Can I access CampusLearn offline?                               | You can download notes and assignments while online; they stay available offline.                                                                   | Platform Help | All     |
| What browsers work best with CampusLearn?                       | Chrome, Edge, or Firefox v90+ are recommended for full compatibility.                                                                               | Platform Help | All     |
| Why am I not getting notifications?                             | Check “Settings → Notifications” and ensure browser permissions are enabled.                                                                        | Platform Help | All     |
| How can I clear cache issues?                                   | Press Ctrl + Shift + R or Cmd + Shift + R to hard-refresh the page.                                                                                 | Platform Help | All     |
| How can I enable text-to-speech?                                | In “Accessibility Settings,” toggle “Enable Text-to-Speech.”                                                                                        | Platform Help | All     |
| Where can I view system maintenance alerts?                     | On the login page under “Status” or in “Notifications.”                                                                                             | Platform Help | All     |

